id,Player,Flagrants,Technicals,G,MP,USG%,Personals_Drawn,Personals_Drawn/USG%,Personals_Drawn/MP,Personals,Personals/USG%,Personals/MP,Flagrants/USG%,Flagrants/MP,Technicals/USG%,Technicals/MP
3065570,Kelsey Plum,1,4,43,1508,25.4,97,3.818897637795276,0.0643236074270557,38,1.4960629921259845,0.0251989389920424,0.03937007874015748,0.000663129973474801,0.15748031496062992,0.002652519893899204
4398674,Rhyne Howard,0,3,33,1151,24.2,66,2.7272727272727275,0.0573414422241529,52,2.1487603305785123,0.0451781059947871,0.0,0.0,0.12396694214876033,0.0026064291920069507
3058901,Allisha Gray,1,4,42,1451,22.8,117,5.131578947368421,0.0806340454858718,47,2.06140350877193,0.0323914541695382,0.043859649122807015,0.0006891798759476223,0.17543859649122806,0.0027567195037904893
3904577,Arike Ogunbowale,0,2,29,966,23.2,49,2.1120689655172415,0.0507246376811594,27,1.1637931034482758,0.0279503105590062,0.0,0.0,0.08620689655172414,0.002070393374741201
4433730,Paige Bueckers,0,1,36,1199,24.7,81,3.279352226720648,0.067556296914095,49,1.9838056680161944,0.0408673894912427,0.0,0.0,0.04048582995951417,0.0008340283569641367
3917450,Napheesa Collier,0,1,33,1065,28.6,73,2.5524475524475525,0.0685446009389671,45,1.573426573426573,0.0422535211267605,0.0,0.0,0.03496503496503496,0.0009389671361502347
4433524,Sonia Citron,2,1,44,1415,20.5,70,3.4146341463414633,0.0494699646643109,45,2.1951219512195124,0.0318021201413427,0.0975609756097561,0.0014134275618374558,0.04878048780487805,0.0007067137809187279
3142328,Gabby Williams,0,3,44,1391,19.3,43,2.227979274611399,0.0309130122214234,38,1.9689119170984457,0.0273184759166067,0.0,0.0,0.15544041450777202,0.002156721782890007
4433402,Angel Reese,2,8,30,947,25.0,85,3.4,0.0897571277719113,56,2.24,0.0591341077085533,0.08,0.0021119324181626186,0.32,0.008447729672650475
3904576,Marina Mabrey,0,4,35,1103,25.8,41,1.5891472868217054,0.0371713508612874,69,2.6744186046511627,0.0625566636446056,0.0,0.0,0.15503875968992248,0.003626473254759746
4066533,Sabrina Ionescu,0,2,38,1194,28.9,81,2.8027681660899657,0.0678391959798995,40,1.384083044982699,0.033500837520938,0.0,0.0,0.06920415224913495,0.0016750418760469012
3142191,Kelsey Mitchell,0,2,44,1381,27.7,82,2.96028880866426,0.059377262853005,36,1.2996389891696751,0.0260680666183924,0.0,0.0,0.07220216606498195,0.001448225923244026
2529140,Alyssa Thomas,1,4,39,1221,24.4,77,3.155737704918033,0.063063063063063,52,2.1311475409836067,0.0425880425880425,0.04098360655737705,0.000819000819000819,0.1639344262295082,0.003276003276003276
2529205,Kayla McBride,0,4,39,1220,20.4,35,1.715686274509804,0.0286885245901639,18,0.8823529411764707,0.0147540983606557,0.0,0.0,0.19607843137254904,0.003278688524590164
2491205,Skylar Diggins,0,2,43,1343,24.3,101,4.156378600823045,0.0752047654504839,41,1.6872427983539091,0.0305286671630677,0.0,0.0,0.0823045267489712,0.0014892032762472078
2566106,Dearica Hamby,0,0,44,1374,25.6,136,5.3125,0.098981077147016,65,2.5390625,0.0473071324599708,0.0,0.0,0.0,0.0
3149391,A'ja Wilson,0,2,40,1247,31.9,142,4.451410658307211,0.1138732959101844,60,1.8808777429467085,0.0481154771451483,0.0,0.0,0.06269592476489029,0.0016038492381716118
2529122,Chelsea Gray,1,1,44,1368,18.5,45,2.4324324324324325,0.0328947368421052,46,2.4864864864864864,0.033625730994152,0.05405405405405406,0.0007309941520467836,0.05405405405405406,0.0007309941520467836
4433403,Caitlin Clark,1,2,13,404,31.5,19,0.6031746031746031,0.047029702970297,23,0.7301587301587301,0.0569306930693069,0.031746031746031744,0.0024752475247524753,0.06349206349206349,0.0049504950495049506
1068,Nneka Ogwumike,1,1,44,1359,25.4,62,2.440944881889764,0.0456217807211184,48,1.8897637795275593,0.0353200883002207,0.03937007874015748,0.0007358351729212656,0.03937007874015748,0.0007358351729212656
4433630,Rickea Jackson,0,3,38,1173,23.0,52,2.260869565217391,0.0443307757885763,29,1.2608695652173914,0.0247229326513214,0.0,0.0,0.13043478260869565,0.0025575447570332483
2988756,Brittney Sykes,1,2,39,1194,25.1,117,4.661354581673306,0.0979899497487437,42,1.6733067729083664,0.0351758793969849,0.0398406374501992,0.0008375209380234506,0.0796812749003984,0.0016750418760469012
2998928,Breanna Stewart,0,0,31,948,27.2,90,3.308823529411765,0.0949367088607595,40,1.4705882352941178,0.0421940928270042,0.0,0.0,0.0,0.0
4065870,Jackie Young,0,0,44,1336,24.2,61,2.5206611570247937,0.0456586826347305,40,1.6528925619834711,0.029940119760479,0.0,0.0,0.0,0.0
4432831,Aliyah Boston,1,1,44,1327,21.9,70,3.1963470319634704,0.0527505651846269,85,3.8812785388127855,0.0640542577241899,0.04566210045662101,0.0007535795026375283,0.04566210045662101,0.0007535795026375283
2529622,Kayla Thornton,0,0,22,662,24.5,34,1.3877551020408163,0.0513595166163142,18,0.7346938775510204,0.0271903323262839,0.0,0.0,0.0,0.0
4398935,Veronica Burton,3,0,44,1292,20.3,94,4.630541871921182,0.0727554179566563,47,2.315270935960591,0.0363777089783281,0.14778325123152708,0.0023219814241486067,0.0,0.0
2529137,Natasha Cloud,0,6,41,1191,17.7,39,2.2033898305084745,0.0327455919395466,58,3.2768361581920904,0.0486985726280436,0.0,0.0,0.33898305084745767,0.005037783375314861
2987891,Courtney Williams,0,0,44,1260,25.7,30,1.1673151750972763,0.0238095238095238,49,1.906614785992218,0.0388888888888888,0.0,0.0,0.0,0.0
3146151,Ariel Atkins,0,1,34,970,22.7,68,2.995594713656388,0.0701030927835051,42,1.8502202643171808,0.0432989690721649,0.0,0.0,0.04405286343612335,0.0010309278350515464
918,Tina Charles,1,3,43,1222,28.3,92,3.2508833922261484,0.0752864157119476,48,1.696113074204947,0.0392798690671031,0.0353356890459364,0.0008183306055646482,0.10600706713780919,0.0024549918166939444
3142010,Azurá Stevens,0,1,44,1249,19.2,49,2.5520833333333335,0.0392313851080864,65,3.385416666666667,0.0520416333066453,0.0,0.0,0.052083333333333336,0.0008006405124099279
4001679,Julie Allemand,0,0,34,963,10.2,6,0.5882352941176471,0.0062305295950155,37,3.6274509803921577,0.0384215991692627,0.0,0.0,0.0,0.0
2987869,Jewell Loyd,0,0,44,1245,18.7,40,2.1390374331550803,0.0321285140562249,56,2.9946524064171123,0.0449799196787148,0.0,0.0,0.0,0.0
4683006,Leonie Fiebich,0,0,37,1041,13.0,29,2.230769230769231,0.0278578290105667,39,3.0,0.0374639769452449,0.0,0.0,0.0,0.0
3142250,Jordin Canada,0,1,28,783,22.1,60,2.7149321266968323,0.0766283524904214,18,0.8144796380090498,0.0229885057471264,0.0,0.0,0.04524886877828054,0.001277139208173691
2529047,Odyssey Sims,0,1,24,671,18.2,61,3.3516483516483517,0.0909090909090909,23,1.2637362637362637,0.0342771982116244,0.0,0.0,0.054945054945054944,0.0014903129657228018
3906972,Bridget Carleton,0,0,44,1227,11.2,29,2.5892857142857144,0.0236348818255908,34,3.035714285714286,0.0277098614506927,0.0,0.0,0.0,0.0
4433405,Kamilla Cardoso,1,0,40,1102,23.5,72,3.0638297872340425,0.0653357531760435,82,3.4893617021276597,0.0744101633393829,0.0425531914893617,0.0009074410163339383,0.0,0.0
4420318,Ezi Magbegor,0,1,44,1203,13.9,41,2.949640287769784,0.0340814630091438,84,6.043165467625899,0.0698254364089775,0.0,0.0,0.07194244604316546,0.0008312551953449709
981,Courtney Vandersloot,0,0,7,191,20.9,6,0.2870813397129186,0.031413612565445,8,0.3827751196172249,0.0418848167539267,0.0,0.0,0.0,0.0
4790264,Janelle Salaün,1,0,36,973,21.2,28,1.3207547169811322,0.0287769784172661,32,1.509433962264151,0.0328879753340185,0.04716981132075472,0.0010277492291880781,0.0,0.0
4398829,Lexie Hull,0,1,44,1189,13.4,43,3.2089552238805967,0.0361648444070647,49,3.656716417910448,0.04121110176619,0.0,0.0,0.07462686567164178,0.0008410428931875525
4399415,Maddy Siegrist,0,0,26,702,19.1,27,1.413612565445026,0.0384615384615384,29,1.5183246073298429,0.0413105413105413,0.0,0.0,0.0,0.0
4898384,Kiki Iriafen,0,1,44,1185,24.5,86,3.510204081632653,0.0725738396624472,76,3.1020408163265305,0.0641350210970464,0.0,0.0,0.04081632653061224,0.0008438818565400844
1054,Tiffany Hayes,1,3,26,700,21.4,33,1.5420560747663552,0.0471428571428571,19,0.8878504672897197,0.0271428571428571,0.04672897196261683,0.0014285714285714286,0.14018691588785048,0.004285714285714286
2998938,Kahleah Copper,1,3,28,752,27.6,45,1.6304347826086956,0.0598404255319149,29,1.0507246376811594,0.038563829787234,0.036231884057971016,0.0013297872340425532,0.10869565217391304,0.003989361702127659
2999101,Jonquel Jones,0,2,31,830,22.9,44,1.921397379912664,0.053012048192771,50,2.183406113537118,0.0602409638554216,0.0,0.0,0.08733624454148473,0.0024096385542168677
4281929,Satou Sabally,2,2,39,1039,29.2,82,2.808219178082192,0.0789220404234841,58,1.9863013698630136,0.0558229066410009,0.0684931506849315,0.0019249278152069298,0.0684931506849315,0.0019249278152069298
5208981,Leila Lacan,0,0,25,665,19.4,21,1.082474226804124,0.031578947368421,33,1.7010309278350515,0.0496240601503759,0.0,0.0,0.0,0.0
3058895,Brionna Jones,2,0,44,1169,21.6,63,2.9166666666666665,0.0538922155688622,63,2.9166666666666665,0.0538922155688622,0.09259259259259259,0.001710863986313088,0.0,0.0
3913881,Alanna Smith,1,1,42,1114,17.5,43,2.4571428571428573,0.0385996409335727,69,3.942857142857143,0.0619389587073608,0.05714285714285714,0.0008976660682226212,0.05714285714285714,0.0008976660682226212
4066553,Aari McDonald,1,0,20,525,19.0,32,1.6842105263157894,0.0609523809523809,21,1.105263157894737,0.04,0.05263157894736842,0.0019047619047619048,0.0,0.0
4433514,Saniya Rivers,1,1,42,1097,18.1,35,1.9337016574585637,0.031905195989061,39,2.154696132596685,0.0355515041020966,0.055248618784530384,0.0009115770282588879,0.055248618784530384,0.0009115770282588879
4068159,Sug Sutton,1,1,43,1122,15.9,27,1.69811320754717,0.0240641711229946,22,1.3836477987421385,0.0196078431372549,0.06289308176100629,0.00089126559714795,0.06289308176100629,0.00089126559714795
3027368,Emma Meesseman,0,0,17,440,22.2,16,0.7207207207207208,0.0363636363636363,20,0.9009009009009008,0.0454545454545454,0.0,0.0,0.0,0.0
2491214,Erica Wheeler,0,2,44,1126,20.7,32,1.5458937198067633,0.0284191829484902,49,2.3671497584541066,0.0435168738898756,0.0,0.0,0.0966183574879227,0.0017761989342806395
4398915,Naz Hillmon,0,0,44,1122,15.4,31,2.012987012987013,0.0276292335115864,37,2.4025974025974026,0.0329768270944741,0.0,0.0,0.0,0.0
3907781,Sophie Cunningham,2,1,30,756,13.6,21,1.5441176470588236,0.0277777777777777,29,2.1323529411764706,0.0383597883597883,0.14705882352941177,0.0026455026455026454,0.07352941176470588,0.0013227513227513227
2566186,Rachel Banham,1,0,44,1081,18.1,22,1.2154696132596683,0.0203515263644773,46,2.5414364640883975,0.0425531914893617,0.055248618784530384,0.0009250693802035153,0.0,0.0
2529130,Natasha Howard,1,0,44,1060,21.4,66,3.0841121495327104,0.0622641509433962,73,3.411214953271028,0.0688679245283018,0.04672897196261683,0.0009433962264150943,0.0,0.0
887,Sami Whitcomb,0,0,43,1027,18.6,22,1.182795698924731,0.0214216163583252,52,2.7956989247311825,0.050632911392405,0.0,0.0,0.0,0.0
2569044,Temi Fágbénlé,0,0,39,925,16.3,23,1.411042944785276,0.0248648648648648,69,4.233128834355828,0.0745945945945946,0.0,0.0,0.0,0.0
4257500,Cecilia Zandalasini,0,1,19,450,19.6,15,0.7653061224489796,0.0333333333333333,14,0.7142857142857142,0.0311111111111111,0.0,0.0,0.0510204081632653,0.0022222222222222222
4432865,Jacy Sheldon,1,1,30,708,14.1,17,1.2056737588652482,0.0240112994350282,35,2.4822695035460995,0.0494350282485875,0.07092198581560284,0.0014124293785310734,0.07092198581560284,0.0014124293785310734
869,DeWanna Bonner,0,3,33,778,18.6,53,2.8494623655913975,0.0681233933161953,38,2.043010752688172,0.0488431876606683,0.0,0.0,0.16129032258064516,0.0038560411311053984
5017726,Jade Melbourne,0,0,43,1008,15.1,52,3.443708609271523,0.0515873015873015,40,2.6490066225165565,0.0396825396825396,0.0,0.0,0.0,0.0
4790263,Iliana Rupert,0,0,21,486,17.3,9,0.5202312138728323,0.0185185185185185,33,1.907514450867052,0.0679012345679012,0.0,0.0,0.0,0.0
4398911,Shakira Austin,0,5,38,874,29.9,77,2.5752508361204014,0.0881006864988558,58,1.939799331103679,0.0663615560640732,0.0,0.0,0.16722408026755853,0.005720823798627002
2529185,Bria Hartley,3,5,38,867,21.1,39,1.848341232227488,0.0449826989619377,37,1.753554502369668,0.0426758938869665,0.14218009478672985,0.0034602076124567475,0.23696682464454974,0.0057670126874279125
4682797,Luisa Geiselsoder,0,1,28,628,14.7,4,0.272108843537415,0.0063694267515923,42,2.857142857142857,0.0668789808917197,0.0,0.0,0.06802721088435375,0.0015923566878980893
3142055,Myisha Hines-Allen,0,0,40,882,18.4,44,2.3913043478260874,0.0498866213151927,69,3.75,0.0782312925170068,0.0,0.0,0.0,0.0
2984111,Alexis Prince,0,0,1,22,12.3,0,0.0,0.0,1,0.08130081300813,0.0454545454545454,0.0,0.0,0.0,0.0
4398899,Grace Berger,0,0,19,418,12.1,10,0.8264462809917356,0.0239234449760765,18,1.487603305785124,0.0430622009569378,0.0,0.0,0.0,0.0
4066548,DiJonai Carrington,3,1,31,680,24.1,53,2.1991701244813275,0.0779411764705882,31,1.2863070539419086,0.0455882352941176,0.12448132780082986,0.004411764705882353,0.04149377593360996,0.0014705882352941176
3142327,Kia Nurse,0,2,44,962,17.4,34,1.9540229885057472,0.0353430353430353,38,2.1839080459770117,0.0395010395010395,0.0,0.0,0.1149425287356322,0.002079002079002079
3922628,Kennedy Burke,0,0,36,779,16.4,31,1.8902439024390243,0.0397946084724005,28,1.707317073170732,0.0359435173299101,0.0,0.0,0.0,0.0
4398966,Olivia Nelson-Ododa,1,2,37,800,17.3,53,3.0635838150289016,0.06625,52,3.005780346820809,0.065,0.057803468208092484,0.00125,0.11560693641618497,0.0025
5274110,Monique Akoa Makani,0,1,41,881,17.3,35,2.0231213872832368,0.039727582292849,40,2.312138728323699,0.0454029511918274,0.0,0.0,0.057803468208092484,0.0011350737797956867
4398776,NaLyssa Smith,0,2,45,956,17.1,65,3.8011695906432745,0.0679916317991631,111,6.491228070175438,0.1161087866108786,0.0,0.0,0.11695906432748537,0.0020920502092050207
4595910,Haley Jones,1,0,28,594,18.4,21,1.1413043478260871,0.0353535353535353,53,2.880434782608696,0.0892255892255892,0.05434782608695653,0.0016835016835016834,0.0,0.0
2566081,Elizabeth Williams,0,0,43,906,20.8,42,2.019230769230769,0.0463576158940397,41,1.971153846153846,0.0452538631346578,0.0,0.0,0.0,0.0
3906949,Jessica Shepard,2,2,40,835,17.1,49,2.8654970760233915,0.0586826347305389,24,1.4035087719298245,0.0287425149700598,0.11695906432748537,0.0023952095808383233,0.11695906432748537,0.0023952095808383233
2490553,Brittney Griner,0,3,39,810,22.6,44,1.9469026548672568,0.0543209876543209,52,2.3008849557522124,0.0641975308641975,0.0,0.0,0.1327433628318584,0.003703703703703704
924,Alysha Clark,0,0,42,828,10.7,20,1.869158878504673,0.0241545893719806,44,4.112149532710281,0.0531400966183574,0.0,0.0,0.0,0.0
3142242,Amy Okonkwo,0,0,8,157,21.3,9,0.4225352112676056,0.0573248407643312,9,0.4225352112676056,0.0573248407643312,0.0,0.0,0.0,0.0
3920741,Kitija Laksa,0,0,33,626,15.3,21,1.3725490196078431,0.0335463258785942,25,1.6339869281045751,0.0399361022364217,0.0,0.0,0.0,0.0
3906753,Natisha Hiedeman,0,0,44,833,21.5,37,1.7209302325581397,0.0444177671068427,38,1.7674418604651163,0.0456182472989195,0.0,0.0,0.0,0.0
4684384,Aneesah Morrow,1,1,41,775,22.6,51,2.2566371681415927,0.0658064516129032,47,2.079646017699115,0.0606451612903225,0.04424778761061947,0.0012903225806451613,0.04424778761061947,0.0012903225806451613
3102133,Rebecca Allen,0,2,44,821,16.0,12,0.75,0.0146163215590742,42,2.625,0.05115712545676,0.0,0.0,0.125,0.00243605359317905
4280850,Maya Caldwell,0,0,41,760,14.7,16,1.08843537414966,0.0210526315789473,25,1.7006802721088436,0.0328947368421052,0.0,0.0,0.0,0.0
3142087,Kathryn Westbeld,0,0,43,792,14.4,13,0.9027777777777778,0.0164141414141414,38,2.638888888888889,0.0479797979797979,0.0,0.0,0.0,0.0
4398764,Rae Burrell,0,1,28,515,19.4,36,1.8556701030927836,0.0699029126213592,13,0.6701030927835052,0.0252427184466019,0.0,0.0,0.051546391752577324,0.001941747572815534
4068042,Natasha Mack,0,0,34,623,11.2,19,1.6964285714285716,0.0304975922953451,31,2.7678571428571432,0.0497592295345104,0.0,0.0,0.0,0.0
4038379,Marine Johannes,0,0,44,803,18.0,7,0.3888888888888889,0.0087173100871731,20,1.1111111111111112,0.024906600249066,0.0,0.0,0.0,0.0
3142255,Monique Billings,0,0,26,474,19.2,32,1.6666666666666667,0.0675105485232067,30,1.5625,0.0632911392405063,0.0,0.0,0.0,0.0
4398768,Nyara Sabally,1,0,17,305,15.6,10,0.6410256410256411,0.0327868852459016,26,1.6666666666666667,0.0852459016393442,0.06410256410256411,0.003278688524590164,0.0,0.0
4433807,Aziaha James,0,0,38,673,22.4,37,1.6517857142857144,0.0549777117384844,25,1.1160714285714286,0.0371471025260029,0.0,0.0,0.0,0.0
1107,Shey Peddy,0,0,15,265,12.2,11,0.9016393442622952,0.0415094339622641,12,0.9836065573770492,0.0452830188679245,0.0,0.0,0.0,0.0
4281190,Dana Evans,0,1,44,777,19.7,30,1.5228426395939088,0.0386100386100386,17,0.8629441624365483,0.0218790218790218,0.0,0.0,0.050761421319796954,0.001287001287001287
4065780,Kaila Charles,0,0,35,616,18.2,26,1.4285714285714286,0.0422077922077922,26,1.4285714285714286,0.0422077922077922,0.0,0.0,0.0,0.0
5209660,Sevgi Uzun,0,0,25,439,14.8,6,0.4054054054054054,0.0136674259681093,14,0.945945945945946,0.0318906605922551,0.0,0.0,0.0,0.0
5208982,Carla Leite,0,0,37,637,23.6,56,2.3728813559322033,0.0879120879120879,21,0.8898305084745762,0.0329670329670329,0.0,0.0,0.0,0.0
4282173,Michaela Onyenwere,0,1,42,711,18.3,28,1.530054644808743,0.0393811533052039,37,2.021857923497268,0.0520393811533052,0.0,0.0,0.0546448087431694,0.0014064697609001407
4433431,Te-Hina Paopao,0,0,43,720,17.1,13,0.7602339181286549,0.0180555555555555,33,1.9298245614035088,0.0458333333333333,0.0,0.0,0.0,0.0
4422426,Li Yueru,0,0,31,519,17.3,21,1.213872832369942,0.0404624277456647,36,2.0809248554913293,0.0693641618497109,0.0,0.0,0.0,0.0
2999035,Aerial Powers,1,0,10,167,22.7,15,0.6607929515418502,0.0898203592814371,13,0.5726872246696035,0.0778443113772455,0.04405286343612335,0.005988023952095809,0.0,0.0
4065760,Tyasha Harris,0,0,5,82,11.6,2,0.1724137931034483,0.024390243902439,5,0.4310344827586207,0.0609756097560975,0.0,0.0,0.0,0.0
4398907,Kate Martin,0,0,42,687,21.6,17,0.787037037037037,0.024745269286754,26,1.2037037037037035,0.0378457059679767,0.0,0.0,0.0,0.0
4434015,JJ Quinerly,0,0,34,539,20.9,32,1.5311004784688995,0.059369202226345,31,1.4832535885167466,0.0575139146567718,0.0,0.0,0.0,0.0
4597509,Aaliyah Nye,0,0,44,671,14.0,9,0.6428571428571429,0.0134128166915052,34,2.4285714285714284,0.0506706408345752,0.0,0.0,0.0,0.0
2529183,Stefanie Dolson,0,1,43,653,12.7,13,1.0236220472440944,0.0199081163859111,56,4.409448818897638,0.0857580398162327,0.0,0.0,0.07874015748031496,0.0015313935681470138
4433408,Aaliyah Edwards,0,0,36,534,20.0,43,2.15,0.0805243445692883,33,1.65,0.0617977528089887,0.0,0.0,0.0,0.0
4399342,Lexi Held,0,0,32,471,19.3,10,0.5181347150259067,0.0212314225053078,18,0.932642487046632,0.0382165605095541,0.0,0.0,0.0,0.0
3058908,Lindsay Allen,0,1,31,450,10.7,22,2.0560747663551404,0.0488888888888888,15,1.4018691588785048,0.0333333333333333,0.0,0.0,0.09345794392523366,0.0022222222222222222
5220150,Dominique Malonga,0,0,42,600,25.5,26,1.0196078431372548,0.0433333333333333,56,2.196078431372549,0.0933333333333333,0.0,0.0,0.0,0.0
3056730,Karlie Samuelson,0,0,16,228,11.9,7,0.5882352941176471,0.0307017543859649,4,0.3361344537815126,0.0175438596491228,0.0,0.0,0.0,0.0
3099736,Stephanie Talbot,0,0,38,541,13.4,13,0.9701492537313432,0.0240295748613678,27,2.014925373134328,0.0499075785582255,0.0,0.0,0.0,0.0
4703794,Sarah Ashlee Barker,0,0,34,481,14.1,14,0.9929078014184396,0.0291060291060291,19,1.3475177304964538,0.0395010395010395,0.0,0.0,0.0,0.0
4433424,Maddy Westbeld,1,0,26,354,16.3,7,0.4294478527607361,0.019774011299435,23,1.411042944785276,0.0649717514124293,0.06134969325153374,0.002824858757062147,0.0,0.0
1004,Sydney Colson,0,0,30,404,12.7,6,0.4724409448818898,0.0148514851485148,14,1.1023622047244095,0.0346534653465346,0.0,0.0,0.0,0.0
4432834,Laeticia Amihere,0,0,29,385,21.0,29,1.380952380952381,0.0753246753246753,26,1.238095238095238,0.0675324675324675,0.0,0.0,0.0,0.0
4066527,Jaelyn Brown,0,0,10,131,14.9,3,0.2013422818791946,0.0229007633587786,10,0.6711409395973155,0.0763358778625954,0.0,0.0,0.0,0.0
2984741,Tiffany Mitchell,0,0,39,510,13.1,35,2.67175572519084,0.0686274509803921,27,2.0610687022900764,0.0529411764705882,0.0,0.0,0.0,0.0
4433510,Megan McConnell,0,0,1,13,13.8,0,0.0,0.0,1,0.072463768115942,0.0769230769230769,0.0,0.0,0.0,0.0
3913903,Teaira McCowan,0,0,17,219,19.0,17,0.8947368421052632,0.0776255707762557,18,0.9473684210526316,0.0821917808219178,0.0,0.0,0.0,0.0
2590093,Kiah Stokes,0,0,40,514,6.3,4,0.6349206349206349,0.0077821011673151,34,5.396825396825397,0.0661478599221789,0.0,0.0,0.0,0.0
4433404,Cameron Brink,0,0,19,244,21.3,9,0.4225352112676056,0.0368852459016393,32,1.5023474178403755,0.1311475409836065,0.0,0.0,0.0,0.0
2566110,Julie Vanloo,0,0,35,449,16.7,11,0.6586826347305389,0.0244988864142538,18,1.0778443113772456,0.0400890868596882,0.0,0.0,0.0,0.0
4398729,Emily Engstler,0,0,40,512,16.9,12,0.7100591715976332,0.0234375,39,2.307692307692308,0.076171875,0.0,0.0,0.0,0.0
3916514,Kalani Brown,0,0,29,370,16.3,18,1.1042944785276072,0.0486486486486486,35,2.147239263803681,0.0945945945945946,0.0,0.0,0.0,0.0
4433412,Hailey Van Lith,0,0,29,361,19.7,14,0.7106598984771574,0.038781163434903,11,0.5583756345177665,0.0304709141274238,0.0,0.0,0.0,0.0
4433815,Lucy Olsen,0,0,41,508,17.0,11,0.6470588235294118,0.0216535433070866,25,1.4705882352941178,0.0492125984251968,0.0,0.0,0.0,0.0
2327695,Rebekah Gardner,0,0,41,502,13.4,13,0.9701492537313432,0.0258964143426294,37,2.761194029850746,0.0737051792828685,0.0,0.0,0.0,0.0
4433633,Kierstan Bell,0,1,35,427,19.0,7,0.3684210526315789,0.0163934426229508,17,0.8947368421052632,0.0398126463700234,0.0,0.0,0.05263157894736842,0.00234192037470726
2325299,Yvonne Anderson,0,0,1,12,11.5,0,0.0,0.0,1,0.0869565217391304,0.0833333333333333,0.0,0.0,0.0,0.0
2955898,Damiris Dantas,0,0,38,439,22.7,13,0.5726872246696035,0.0296127562642369,34,1.497797356828194,0.0774487471526196,0.0,0.0,0.0,0.0
2529125,Haley Peters,0,1,33,380,13.1,10,0.7633587786259542,0.0263157894736842,29,2.213740458015267,0.0763157894736842,0.0,0.0,0.07633587786259542,0.002631578947368421
3934218,Megan Gustafson,0,0,20,226,14.1,8,0.5673758865248227,0.0353982300884955,23,1.6312056737588654,0.1017699115044247,0.0,0.0,0.0,0.0
4398965,Christyn Williams,0,0,4,45,19.0,2,0.1052631578947368,0.0444444444444444,3,0.1578947368421052,0.0666666666666666,0.0,0.0,0.0,0.0
4280877,Chloe Bibby,0,0,14,154,19.5,4,0.2051282051282051,0.0259740259740259,8,0.4102564102564102,0.0519480519480519,0.0,0.0,0.0,0.0
4329370,Maria Kliundikova,1,0,34,373,19.7,11,0.5583756345177665,0.0294906166219839,29,1.4720812182741116,0.0777479892761394,0.050761421319796954,0.002680965147453083,0.0,0.0
4433635,Diamond Miller,0,2,40,434,19.4,24,1.2371134020618555,0.0552995391705069,34,1.752577319587629,0.0783410138248847,0.0,0.0,0.10309278350515465,0.004608294930875576
2566453,Isabelle Harrison,0,0,34,360,22.6,20,0.8849557522123893,0.0555555555555555,28,1.238938053097345,0.0777777777777777,0.0,0.0,0.0,0.0
2529567,Robyn Parks,0,0,6,63,4.3,0,0.0,0.0,6,1.3953488372093024,0.0952380952380952,0.0,0.0,0.0,0.0
3054590,Nia Coffey,0,0,44,455,20.1,23,1.144278606965174,0.0505494505494505,28,1.3930348258706466,0.0615384615384615,0.0,0.0,0.0,0.0
4899328,Kaitlyn Chen,0,1,24,247,13.4,6,0.4477611940298507,0.0242914979757085,11,0.8208955223880596,0.0445344129554655,0.0,0.0,0.07462686567164178,0.004048582995951417
5220167,Murjanatu Musa,0,0,12,122,17.3,9,0.5202312138728323,0.0737704918032786,9,0.5202312138728323,0.0737704918032786,0.0,0.0,0.0,0.0
2284331,Emma Cannon,0,0,21,213,18.7,13,0.6951871657754011,0.0610328638497652,15,0.8021390374331551,0.0704225352112676,0.0,0.0,0.0,0.0
4432832,Zia Cooke,1,0,26,261,20.4,14,0.6862745098039216,0.053639846743295,13,0.6372549019607844,0.0498084291187739,0.04901960784313726,0.0038314176245210726,0.0,0.0
4282168,Kiana Williams,0,0,11,107,20.1,1,0.0497512437810945,0.0093457943925233,4,0.1990049751243781,0.0373831775700934,0.0,0.0,0.0,0.0
4596309,Liatu King,0,0,14,136,14.6,9,0.6164383561643836,0.0661764705882353,7,0.4794520547945206,0.0514705882352941,0.0,0.0,0.0,0.0
3058892,Lexie Brown,1,1,24,227,11.8,5,0.423728813559322,0.0220264317180616,10,0.847457627118644,0.0440528634361233,0.0847457627118644,0.004405286343612335,0.0847457627118644,0.004405286343612335
3058893,Shatori Walker-Kimbrough,0,0,41,354,10.8,6,0.5555555555555555,0.0169491525423728,15,1.3888888888888888,0.0423728813559322,0.0,0.0,0.0,0.0
3142086,Brianna Turner,0,0,27,233,8.6,3,0.3488372093023256,0.0128755364806866,21,2.441860465116279,0.0901287553648068,0.0,0.0,0.0,0.0
4433309,Elizabeth Kitley,0,0,12,98,14.4,1,0.0694444444444444,0.010204081632653,12,0.8333333333333333,0.1224489795918367,0.0,0.0,0.0,0.0
5279789,Mamignan Touré,0,0,18,147,14.5,0,0.0,0.0,11,0.7586206896551724,0.0748299319727891,0.0,0.0,0.0,0.0
3056672,Mercedes Russell,0,0,20,163,11.0,5,0.4545454545454545,0.0306748466257668,11,1.0,0.0674846625766871,0.0,0.0,0.0,0.0
5278686,Kariata Diaby,0,0,13,103,14.2,4,0.2816901408450704,0.0388349514563106,8,0.5633802816901409,0.0776699029126213,0.0,0.0,0.0,0.0
4898994,Serena Sundell,0,0,3,22,5.9,1,0.1694915254237288,0.0454545454545454,1,0.1694915254237288,0.0454545454545454,0.0,0.0,0.0,0.0
4433546,Makayla Timpson,0,0,31,219,15.7,12,0.7643312101910829,0.0547945205479452,13,0.8280254777070064,0.0593607305936073,0.0,0.0,0.0,0.0
2998927,Moriah Jefferson,0,0,5,35,12.8,0,0.0,0.0,0,0.0,0.0,0.0,0.0,0.0,0.0
2529458,Cheyenne Parker-Tyus,0,0,2,14,37.9,3,0.079155672823219,0.2142857142857142,1,0.0263852242744063,0.0714285714285714,0.0,0.0,0.0,0.0
4873359,Kyara Linskens,0,0,4,27,12.1,0,0.0,0.0,6,0.4958677685950413,0.2222222222222222,0.0,0.0,0.0,0.0
2591976,Crystal Bradford,0,0,4,24,13.3,0,0.0,0.0,3,0.225563909774436,0.125,0.0,0.0,0.0,0.0
4433792,Rayah Marshall,0,0,15,90,19.3,7,0.3626943005181347,0.0777777777777777,8,0.4145077720207253,0.0888888888888888,0.0,0.0,0.0,0.0
4433643,Mackenzie Holmes,0,0,10,58,5.5,1,0.1818181818181818,0.0172413793103448,3,0.5454545454545454,0.0517241379310344,0.0,0.0,0.0,0.0
4433386,Jaylyn Sherrod,0,0,26,142,14.9,12,0.8053691275167785,0.0845070422535211,8,0.5369127516778524,0.056338028169014,0.0,0.0,0.0,0.0
4433416,Madison Scott,0,0,9,47,13.5,2,0.1481481481481481,0.0425531914893617,2,0.1481481481481481,0.0425531914893617,0.0,0.0,0.0,0.0
5105752,Alissa Pili,0,0,19,99,19.6,7,0.3571428571428571,0.0707070707070707,9,0.4591836734693877,0.0909090909090909,0.0,0.0,0.0,0.0
4068161,Joyner Holmes,0,0,6,29,22.0,0,0.0,0.0,2,0.0909090909090909,0.0689655172413793,0.0,0.0,0.0,0.0
4433795,Sania Feagin,0,0,16,77,20.8,0,0.0,0.0,10,0.4807692307692307,0.1298701298701298,0.0,0.0,0.0,0.0
4433661,Marquesha Davis,0,0,11,52,16.7,5,0.2994011976047904,0.0961538461538461,1,0.059880239520958,0.0192307692307692,0.0,0.0,0.0,0.0
5017721,Sika Koné,0,0,19,85,18.3,3,0.1639344262295081,0.0352941176470588,5,0.2732240437158469,0.0588235294117647,0.0,0.0,0.0,0.0
4898383,Bree Hall,0,0,4,17,25.3,1,0.0395256916996047,0.0588235294117647,3,0.1185770750988142,0.1764705882352941,0.0,0.0,0.0,0.0
4595150,Camryn Taylor,0,0,6,23,21.7,2,0.0921658986175115,0.0869565217391304,3,0.1382488479262673,0.1304347826086956,0.0,0.0,0.0,0.0
5278237,Anastasiia Olairi Kosu,0,0,21,80,24.5,7,0.2857142857142857,0.0875,2,0.0816326530612244,0.025,0.0,0.0,0.0,0.0
5220147,Marième Badiane,0,0,3,11,20.9,0,0.0,0.0,3,0.1435406698564593,0.2727272727272727,0.0,0.0,0.0,0.0
4704417,Ajae Petty,0,0,2,6,0.0,0,,0.0,1,inf,0.1666666666666666,,0.0,,0.0
4898400,Taylor Thierry,0,0,17,36,17.6,2,0.1136363636363636,0.0555555555555555,1,0.0568181818181818,0.0277777777777777,0.0,0.0,0.0,0.0
4068346,Kamiah Smalls,0,0,3,3,0.0,0,,0.0,0,,0.0,,0.0,,0.0
3904548,Kyra Lambert,0,0,1,0,,0,,,0,,,,,,
